"SpcRecID","Scientific name","English name","Family","Global IUCN Red List Category"
"21","Crypturellus soui","Little Tinamou","Tinamidae (Tinamous)","LC"
"87","Pipile pipile","Trinidad Piping-guan","Cracidae (Guans, Chachalacas, Curassows)","CR"
"63","Ortalis ruficauda","Rufous-vented Chachalaca","Cracidae (Guans, Chachalacas, Curassows)","LC"
"343","Anhima cornuta","Horned Screamer","Anhimidae (Screamers)","LC"
"352","Dendrocygna viduata","White-faced Whistling-duck","Anatidae (Ducks, Geese, Swans)","LC"
"354","Dendrocygna autumnalis","Black-bellied Whistling-duck","Anatidae (Ducks, Geese, Swans)","LC"
"349","Dendrocygna bicolor","Fulvous Whistling-duck","Anatidae (Ducks, Geese, Swans)","LC"
"356","Nomonyx dominicus","Masked Duck","Anatidae (Ducks, Geese, Swans)","LC"
"409","Cairina moschata","Muscovy Duck","Anatidae (Ducks, Geese, Swans)","LC"
"471","Netta erythrophthalma","Southern Pochard","Anatidae (Ducks, Geese, Swans)","LC"
"475","Aythya collaris","Ring-necked Duck","Anatidae (Ducks, Geese, Swans)","LC"
"483","Aythya affinis","Lesser Scaup","Anatidae (Ducks, Geese, Swans)","LC"
"448","Spatula clypeata","Northern Shoveler","Anatidae (Ducks, Geese, Swans)","LC"
"443","Spatula discors","Blue-winged Teal","Anatidae (Ducks, Geese, Swans)","LC"
"430","Mareca americana","American Wigeon","Anatidae (Ducks, Geese, Swans)","LC"
"454","Anas bahamensis","White-cheeked Pintail","Anatidae (Ducks, Geese, Swans)","LC"
"30242","Anas carolinensis","Green-winged Teal","Anatidae (Ducks, Geese, Swans)","LC"
"3632","Tachybaptus dominicus","Least Grebe","Podicipedidae (Grebes)","LC"
"3633","Podilymbus podiceps","Pied-billed Grebe","Podicipedidae (Grebes)","LC"
"31025","Phoenicopterus ruber","American Flamingo","Phoenicopteridae (Flamingos)","LC"
"3648","Phaethon aethereus","Red-billed Tropicbird","Phaethontidae (Tropicbirds)","LC"
"3650","Phaethon lepturus","White-tailed Tropicbird","Phaethontidae (Tropicbirds)","LC"
"2476","Patagioenas speciosa","Scaled Pigeon","Columbidae (Pigeons, Doves)","LC"
"1016546","Patagioenas albilinea","Southern Band-tailed Pigeon","Columbidae (Pigeons, Doves)","LC"
"2484","Patagioenas cayennensis","Pale-vented Pigeon","Columbidae (Pigeons, Doves)","LC"
"2602","Geotrygon montana","Ruddy Quail-dove","Columbidae (Pigeons, Doves)","LC"
"2577","Leptotila verreauxi","White-tipped Dove","Columbidae (Pigeons, Doves)","LC"
"2582","Leptotila rufaxilla","Grey-fronted Dove","Columbidae (Pigeons, Doves)","LC"
"2597","Zentrygon linearis","Lined Quail-dove","Columbidae (Pigeons, Doves)","LC"
"2556","Zenaida auriculata","Eared Dove","Columbidae (Pigeons, Doves)","LC"
"2561","Columbina squammata","Scaled Dove","Columbidae (Pigeons, Doves)","LC"
"2562","Columbina passerina","Common Ground-dove","Columbidae (Pigeons, Doves)","LC"
"2563","Columbina minuta","Plain-breasted Ground-dove","Columbidae (Pigeons, Doves)","LC"
"2564","Columbina talpacoti","Ruddy Ground-dove","Columbidae (Pigeons, Doves)","LC"
"2569","Claravis pretiosa","Blue Ground-dove","Columbidae (Pigeons, Doves)","LC"
"2347","Steatornis caripensis","Oilbird","Steatornithidae (Oilbird)","LC"
"2351","Nyctibius griseus","Common Potoo","Nyctibiidae (Potoos)","LC"
"2370","Chordeiles nacunda","Nacunda Nighthawk","Caprimulgidae (Nightjars)","LC"
"2366","Chordeiles acutipennis","Lesser Nighthawk","Caprimulgidae (Nightjars)","LC"
"2362","Lurocalis semitorquatus","Short-tailed Nighthawk","Caprimulgidae (Nightjars)","LC"
"2371","Nyctidromus albicollis","Pauraque","Caprimulgidae (Nightjars)","LC"
"2389","Hydropsalis cayennensis","White-tailed Nightjar","Caprimulgidae (Nightjars)","LC"
"2379","Antrostomus rufus","Rufous Nightjar","Caprimulgidae (Nightjars)","LC"
"1695","Cypseloides niger","Black Swift","Apodidae (Swifts)","VU"
"1693","Streptoprocne rutila","Chestnut-collared Swift","Apodidae (Swifts)","LC"
"1703","Streptoprocne zonaris","White-collared Swift","Apodidae (Swifts)","LC"
"1754","Chaetura spinicaudus","Band-rumped Swift","Apodidae (Swifts)","LC"
"1756","Chaetura cinereiventris","Grey-rumped Swift","Apodidae (Swifts)","LC"
"1760","Chaetura chapmani","Chapman's Swift","Apodidae (Swifts)","LC"
"1761","Chaetura brachyura","Short-tailed Swift","Apodidae (Swifts)","LC"
"1768","Tachornis squamata","Fork-tailed Palm-swift","Apodidae (Swifts)","LC"
"1770","Panyptila cayennensis","Lesser Swallow-tailed Swift","Apodidae (Swifts)","LC"
"1844","Florisuga mellivora","White-necked Jacobin","Trochilidae (Hummingbirds)","LC"
"1798","Glaucis hirsutus","Rufous-breasted Hermit","Trochilidae (Hummingbirds)","LC"
"32718","Phaethornis longuemareus","Little Hermit","Trochilidae (Hummingbirds)","LC"
"1803","Phaethornis guy","Green Hermit","Trochilidae (Hummingbirds)","LC"
"1846","Colibri delphinae","Brown Violet-ear","Trochilidae (Hummingbirds)","LC"
"1921","Polytmus guainumbi","White-tailed Goldenthroat","Trochilidae (Hummingbirds)","LC"
"1859","Chrysolampis mosquitus","Ruby-topaz Hummingbird","Trochilidae (Hummingbirds)","LC"
"1850","Anthracothorax viridigula","Green-throated Mango","Trochilidae (Hummingbirds)","LC"
"1852","Anthracothorax nigricollis","Black-throated Mango","Trochilidae (Hummingbirds)","LC"
"1864","Lophornis ornatus","Tufted Coquette","Trochilidae (Hummingbirds)","LC"
"1882","Chlorostilbon mellisugus","Blue-tailed Emerald","Trochilidae (Hummingbirds)","LC"
"1879","Chlorostilbon notatus","Blue-chinned Emerald","Trochilidae (Hummingbirds)","LC"
"1839","Campylopterus ensipennis","White-tailed Sabrewing","Trochilidae (Hummingbirds)","NT"
"1932","Amazilia brevirostris","White-chested Emerald","Trochilidae (Hummingbirds)","LC"
"1949","Amazilia tobaci","Copper-rumped Hummingbird","Trochilidae (Hummingbirds)","LC"
"2082","Heliomaster longirostris","Long-billed Starthroat","Trochilidae (Hummingbirds)","LC"
"2114","Chaetocercus jourdanii","Rufous-shafted Woodstar","Trochilidae (Hummingbirds)","LC"
"1320","Crotophaga major","Greater Ani","Cuculidae (Cuckoos)","LC"
"1321","Crotophaga ani","Smooth-billed Ani","Cuculidae (Cuckoos)","LC"
"1324","Tapera naevia","Striped Cuckoo","Cuculidae (Cuckoos)","LC"
"1314","Coccycua minuta","Little Cuckoo","Cuculidae (Cuckoos)","LC"
"1304","Coccyzus americanus","Yellow-billed Cuckoo","Cuculidae (Cuckoos)","LC"
"1306","Coccyzus minor","Mangrove Cuckoo","Cuculidae (Cuckoos)","LC"
"1308","Coccyzus melacoryphus","Dark-billed Cuckoo","Cuculidae (Cuckoos)","LC"
"1303","Coccyzus erythropthalmus","Black-billed Cuckoo","Cuculidae (Cuckoos)","LC"
"2802","Heliornis fulica","Sungrebe","Heliornithidae (Finfoots)","LC"
"2840","Laterallus exilis","Grey-breasted Crake","Rallidae (Rails, Gallinules, Coots)","LC"
"2914","Laterallus flaviventer","Yellow-breasted Crake","Rallidae (Rails, Gallinules, Coots)","LC"
"1017065","Rallus longirostris","Mangrove Rail","Rallidae (Rails, Gallinules, Coots)","LC"
"2883","Aramides axillaris","Rufous-necked Wood-rail","Rallidae (Rails, Gallinules, Coots)","LC"
"2919","Neocrex erythrops","Paint-billed Crake","Rallidae (Rails, Gallinules, Coots)","LC"
"2920","Pardirallus maculatus","Spotted Rail","Rallidae (Rails, Gallinules, Coots)","LC"
"2907","Porzana albicollis","Ash-throated Crake","Rallidae (Rails, Gallinules, Coots)","LC"
"2905","Porzana carolina","Sora","Rallidae (Rails, Gallinules, Coots)","LC"
"2931","Porphyrio martinicus","Purple Gallinule","Rallidae (Rails, Gallinules, Coots)","LC"
"2932","Porphyrio flavirostris","Azure Gallinule","Rallidae (Rails, Gallinules, Coots)","LC"
"1017063","Gallinula galeata","Common Gallinule","Rallidae (Rails, Gallinules, Coots)","LC"
"2799","Aramus guarauna","Limpkin","Aramidae (Limpkin)","LC"
"3969","Oceanites oceanicus","Wilson's Storm-petrel","Oceanitidae (Southern Storm-petrels)","LC"
"1018415","Hydrobates leucorhous","Leach's Storm-petrel","Hydrobatidae (Northern Storm-petrels)","VU"
"3936","Puffinus puffinus","Manx Shearwater","Procellariidae (Petrels, Shearwaters)","LC"
"1016943","Puffinus lherminieri","Audubon's Shearwater","Procellariidae (Petrels, Shearwaters)","LC"
"3824","Mycteria americana","Wood Stork","Ciconiidae (Storks)","LC"
"3834","Ciconia maguari","Maguari Stork","Ciconiidae (Storks)","LC"
"3807","Platalea ajaja","Roseate Spoonbill","Threskiornithidae (Ibises, Spoonbills)","LC"
"3775","Eudocimus ruber","Scarlet Ibis","Threskiornithidae (Ibises, Spoonbills)","LC"
"3777","Plegadis falcinellus","Glossy Ibis","Threskiornithidae (Ibises, Spoonbills)","LC"
"3751","Tigrisoma lineatum","Rufescent Tiger-heron","Ardeidae (Herons)","LC"
"3740","Agamia agami","Agami Heron","Ardeidae (Herons)","VU"
"3748","Cochlearius cochlearius","Boat-billed Heron","Ardeidae (Herons)","LC"
"3765","Botaurus pinnatus","Pinnated Bittern","Ardeidae (Herons)","LC"
"3755","Ixobrychus involucris","Stripe-backed Bittern","Ardeidae (Herons)","LC"
"3759","Ixobrychus exilis","Least Bittern","Ardeidae (Herons)","LC"
"3742","Nycticorax nycticorax","Black-crowned Night-heron","Ardeidae (Herons)","LC"
"3741","Nyctanassa violacea","Yellow-crowned Night-heron","Ardeidae (Herons)","LC"
"1016802","Butorides striata","Green-backed Heron","Ardeidae (Herons)","LC"
"3730","Bubulcus ibis","Cattle Egret","Ardeidae (Herons)","LC"
"3715","Ardea cinerea","Grey Heron","Ardeidae (Herons)","LC"
"1101858","Ardea herodias","Great Blue Heron","Ardeidae (Herons)","LC"
"3718","Ardea cocoi","Cocoi Heron","Ardeidae (Herons)","LC"
"3728","Ardea alba","Great White Egret","Ardeidae (Herons)","LC"
"3705","Egretta tricolor","Tricolored Heron","Ardeidae (Herons)","LC"
"3707","Egretta caerulea","Little Blue Heron","Ardeidae (Herons)","LC"
"3711","Egretta thula","Snowy Egret","Ardeidae (Herons)","LC"
"32208","Pelecanus occidentalis","Brown Pelican","Pelecanidae (Pelicans)","LC"
"3843","Fregata magnificens","Magnificent Frigatebird","Fregatidae (Frigatebirds)","LC"
"3658","Sula sula","Red-footed Booby","Sulidae (Gannets, Boobies)","LC"
"3659","Sula leucogaster","Brown Booby","Sulidae (Gannets, Boobies)","LC"
"32652","Sula dactylatra","Masked Booby","Sulidae (Gannets, Boobies)","LC"
"3674","Nannopterum brasilianus","Neotropical Cormorant","Phalacrocoracidae (Cormorants)","LC"
"3083","Burhinus bistriatus","Double-striped Thick-knee","Burhinidae (Thick-knees)","LC"
"3093","Haematopus palliatus","American Oystercatcher","Haematopodidae (Oystercatchers)","LC"
"1016812","Himantopus himantopus","Black-winged Stilt","Recurvirostridae (Avocets, Stilts)","LC"
"3114","Pluvialis squatarola","Grey Plover","Charadriidae (Plovers)","LC"
"3113","Pluvialis dominica","American Golden Plover","Charadriidae (Plovers)","LC"
"3117","Charadrius semipalmatus","Semipalmated Plover","Charadriidae (Plovers)","LC"
"3120","Charadrius wilsonia","Wilson's Plover","Charadriidae (Plovers)","LC"
"3121","Charadrius vociferus","Killdeer","Charadriidae (Plovers)","LC"
"3134","Charadrius collaris","Collared Plover","Charadriidae (Plovers)","LC"
"3175","Vanellus chilensis","Southern Lapwing","Charadriidae (Plovers)","LC"
"3075","Jacana jacana","Wattled Jacana","Jacanidae (Jacanas)","LC"
"3015","Bartramia longicauda","Upland Sandpiper","Scolopacidae (Sandpipers, Snipes, Phalaropes)","LC"
"3009","Numenius phaeopus","Whimbrel","Scolopacidae (Sandpipers, Snipes, Phalaropes)","LC"
"3006","Limosa fedoa","Marbled Godwit","Scolopacidae (Sandpipers, Snipes, Phalaropes)","LC"
"3004","Limosa haemastica","Hudsonian Godwit","Scolopacidae (Sandpipers, Snipes, Phalaropes)","LC"
"3034","Arenaria interpres","Ruddy Turnstone","Scolopacidae (Sandpipers, Snipes, Phalaropes)","LC"
"3041","Calidris canutus","Red Knot","Scolopacidae (Sandpipers, Snipes, Phalaropes)","NT"
"3058","Calidris himantopus","Stilt Sandpiper","Scolopacidae (Sandpipers, Snipes, Phalaropes)","LC"
"3042","Calidris alba","Sanderling","Scolopacidae (Sandpipers, Snipes, Phalaropes)","LC"
"3049","Calidris minutilla","Least Sandpiper","Scolopacidae (Sandpipers, Snipes, Phalaropes)","LC"
"3050","Calidris fuscicollis","White-rumped Sandpiper","Scolopacidae (Sandpipers, Snipes, Phalaropes)","LC"
"3059","Calidris subruficollis","Buff-breasted Sandpiper","Scolopacidae (Sandpipers, Snipes, Phalaropes)","NT"
"3052","Calidris melanotos","Pectoral Sandpiper","Scolopacidae (Sandpipers, Snipes, Phalaropes)","LC"
"3043","Calidris pusilla","Semipalmated Sandpiper","Scolopacidae (Sandpipers, Snipes, Phalaropes)","NT"
"3044","Calidris mauri","Western Sandpiper","Scolopacidae (Sandpipers, Snipes, Phalaropes)","LC"
"3036","Limnodromus griseus","Short-billed Dowitcher","Scolopacidae (Sandpipers, Snipes, Phalaropes)","LC"
"31052","Gallinago delicata","Wilson's Snipe","Scolopacidae (Sandpipers, Snipes, Phalaropes)","LC"
"2993","Gallinago paraguaiae","South American Snipe","Scolopacidae (Sandpipers, Snipes, Phalaropes)","LC"
"3028","Actitis macularius","Spotted Sandpiper","Scolopacidae (Sandpipers, Snipes, Phalaropes)","LC"
"3023","Tringa solitaria","Solitary Sandpiper","Scolopacidae (Sandpipers, Snipes, Phalaropes)","LC"
"3031","Tringa semipalmata","Willet","Scolopacidae (Sandpipers, Snipes, Phalaropes)","LC"
"3022","Tringa flavipes","Lesser Yellowlegs","Scolopacidae (Sandpipers, Snipes, Phalaropes)","LC"
"3021","Tringa melanoleuca","Greater Yellowlegs","Scolopacidae (Sandpipers, Snipes, Phalaropes)","LC"
"3294","Anous stolidus","Brown Noddy","Laridae (Gulls, Terns, Skimmers)","LC"
"3298","Gygis alba","Common White Tern","Laridae (Gulls, Terns, Skimmers)","LC"
"3203","Rynchops niger","Black Skimmer","Laridae (Gulls, Terns, Skimmers)","LC"
"3240","Larus ridibundus","Black-headed Gull","Laridae (Gulls, Terns, Skimmers)","LC"
"3248","Larus atricilla","Laughing Gull","Laridae (Gulls, Terns, Skimmers)","LC"
"3218","Larus delawarensis","Ring-billed Gull","Laridae (Gulls, Terns, Skimmers)","LC"
"3231","Larus fuscus","Lesser Black-backed Gull","Laridae (Gulls, Terns, Skimmers)","LC"
"1017057","Larus smithsonianus","Arctic Herring Gull","Laridae (Gulls, Terns, Skimmers)","LC"
"3288","Onychoprion fuscatus","Sooty Tern","Laridae (Gulls, Terns, Skimmers)","LC"
"3287","Onychoprion anaethetus","Bridled Tern","Laridae (Gulls, Terns, Skimmers)","LC"
"3278","Sternula antillarum","Least Tern","Laridae (Gulls, Terns, Skimmers)","LC"
"3279","Sternula superciliaris","Yellow-billed Tern","Laridae (Gulls, Terns, Skimmers)","LC"
"3293","Phaetusa simplex","Large-billed Tern","Laridae (Gulls, Terns, Skimmers)","LC"
"1016873","Gelochelidon nilotica","Common Gull-billed Tern","Laridae (Gulls, Terns, Skimmers)","LC"
"3258","Hydroprogne caspia","Caspian Tern","Laridae (Gulls, Terns, Skimmers)","LC"
"3292","Chlidonias niger","Black Tern","Laridae (Gulls, Terns, Skimmers)","LC"
"3270","Sterna hirundo","Common Tern","Laridae (Gulls, Terns, Skimmers)","LC"
"3265","Thalasseus sandvicensis","Sandwich Tern","Laridae (Gulls, Terns, Skimmers)","LC"
"3260","Thalasseus maximus","Royal Tern","Laridae (Gulls, Terns, Skimmers)","LC"
"3201","Stercorarius parasiticus","Arctic Jaeger","Stercorariidae (Skuas)","LC"
"3200","Stercorarius pomarinus","Pomarine Jaeger","Stercorariidae (Skuas)","LC"
"3199","Catharacta maccormicki","South Polar Skua","Stercorariidae (Skuas)","LC"
"2155","Tyto alba","Common Barn-owl","Tytonidae (Barn-owls)","LC"
"1017034","Glaucidium brasilianum","Ferruginous Pygmy-owl","Strigidae (Typical Owls)","LC"
"2290","Athene cunicularia","Burrowing Owl","Strigidae (Typical Owls)","LC"
"2321","Asio clamator","Striped Owl","Strigidae (Typical Owls)","LC"
"2195","Megascops choliba","Tropical Screech-owl","Strigidae (Typical Owls)","LC"
"2257","Pulsatrix perspicillata","Spectacled Owl","Strigidae (Typical Owls)","LC"
"2250","Ciccaba virgata","Mottled Owl","Strigidae (Typical Owls)","LC"
"3818","Cathartes aura","Turkey Vulture","Cathartidae (New World vultures)","LC"
"3817","Coragyps atratus","American Black Vulture","Cathartidae (New World vultures)","LC"
"3823","Sarcoramphus papa","King Vulture","Cathartidae (New World vultures)","LC"
"3324","Pandion haliaetus","Osprey","Pandionidae (Osprey)","LC"
"3344","Elanus leucurus","White-tailed Kite","Accipitridae (Hawks, Eagles)","LC"
"3341","Gampsonyx swainsonii","Pearl Kite","Accipitridae (Hawks, Eagles)","LC"
"3330","Leptodon cayanensis","Grey-headed Kite","Accipitridae (Hawks, Eagles)","LC"
"3331","Chondrohierax uncinatus","Hook-billed Kite","Accipitridae (Hawks, Eagles)","LC"
"3339","Elanoides forficatus","Swallow-tailed Kite","Accipitridae (Hawks, Eagles)","LC"
"3558","Spizaetus tyrannus","Black Hawk-eagle","Accipitridae (Hawks, Eagles)","LC"
"3559","Spizaetus ornatus","Ornate Hawk-eagle","Accipitridae (Hawks, Eagles)","NT"
"3349","Harpagus bidentatus","Double-toothed Kite","Accipitridae (Hawks, Eagles)","LC"
"3404","Circus buffoni","Long-winged Harrier","Accipitridae (Hawks, Eagles)","LC"
"3493","Busarellus nigricollis","Black-collared Hawk","Accipitridae (Hawks, Eagles)","LC"
"3352","Ictinia plumbea","Plumbeous Kite","Accipitridae (Hawks, Eagles)","LC"
"3347","Rostrhamus sociabilis","Snail Kite","Accipitridae (Hawks, Eagles)","LC"
"32520","Buteogallus anthracinus","Common Black Hawk","Accipitridae (Hawks, Eagles)","LC"
"3487","Buteogallus aequinoctialis","Rufous Crab-hawk","Accipitridae (Hawks, Eagles)","NT"
"3491","Buteogallus meridionalis","Savanna Hawk","Accipitridae (Hawks, Eagles)","LC"
"3490","Buteogallus urubitinga","Great Black Hawk","Accipitridae (Hawks, Eagles)","LC"
"3507","Geranoaetus albicaudatus","White-tailed Hawk","Accipitridae (Hawks, Eagles)","LC"
"3484","Pseudastur albicollis","White Hawk","Accipitridae (Hawks, Eagles)","LC"
"1016738","Buteo nitidus","Grey-lined Hawk","Accipitridae (Hawks, Eagles)","LC"
"3502","Buteo platypterus","Broad-winged Hawk","Accipitridae (Hawks, Eagles)","LC"
"3504","Buteo brachyurus","Short-tailed Hawk","Accipitridae (Hawks, Eagles)","LC"
"3511","Buteo albonotatus","Zone-tailed Hawk","Accipitridae (Hawks, Eagles)","LC"
"32666","Trogon viridis","Green-backed Trogon","Trogonidae (Trogons)","LC"
"1017014","Trogon violaceus","Violaceous Trogon","Trogonidae (Trogons)","LC"
"1017017","Trogon collaris","Collared Trogon","Trogonidae (Trogons)","LC"
"1017005","Momotus bahamensis","Trinidad Motmot","Momotidae (Motmots)","LC"
"1154","Megaceryle torquata","Ringed Kingfisher","Alcedinidae (Kingfishers)","LC"
"1153","Megaceryle alcyon","Belted Kingfisher","Alcedinidae (Kingfishers)","LC"
"1156","Chloroceryle amazona","Amazon Kingfisher","Alcedinidae (Kingfishers)","LC"
"1159","Chloroceryle aenea","American Pygmy-kingfisher","Alcedinidae (Kingfishers)","LC"
"1157","Chloroceryle americana","Green Kingfisher","Alcedinidae (Kingfishers)","LC"
"886","Galbula ruficauda","Rufous-tailed Jacamar","Galbulidae (Jacamars)","LC"
"1016636","Ramphastos vitellinus","Channel-billed Toucan","Ramphastidae (Toucans)","VU"
"714","Campephilus melanoleucos","Crimson-crested Woodpecker","Picidae (Woodpeckers)","LC"
"1016991","Colaptes rubiginosus","Golden-olive Woodpecker","Picidae (Woodpeckers)","LC"
"696","Celeus elegans","Chestnut Woodpecker","Picidae (Woodpeckers)","LC"
"1016617","Hylatomus lineatus","Lineated Woodpecker","Picidae (Woodpeckers)","LC"
"586","Melanerpes rubricapillus","Red-crowned Woodpecker","Picidae (Woodpeckers)","LC"
"667","Veniliornis kirkii","Red-rumped Woodpecker","Picidae (Woodpeckers)","LC"
"3570","Caracara cheriway","Crested Caracara","Falconidae (Falcons, Caracaras)","LC"
"3571","Milvago chimachima","Yellow-headed Caracara","Falconidae (Falcons, Caracaras)","LC"
"3596","Falco sparverius","American Kestrel","Falconidae (Falcons, Caracaras)","LC"
"3608","Falco columbarius","Merlin","Falconidae (Falcons, Caracaras)","LC"
"3609","Falco rufigularis","Bat Falcon","Falconidae (Falcons, Caracaras)","LC"
"3624","Falco deiroleucus","Orange-breasted Falcon","Falconidae (Falcons, Caracaras)","NT"
"3607","Falco femoralis","Aplomado Falcon","Falconidae (Falcons, Caracaras)","LC"
"1016472","Falco peregrinus","Peregrine Falcon","Falconidae (Falcons, Caracaras)","LC"
"1631","Touit batavicus","Lilac-tailed Parrotlet","Psittacidae (Parrots)","LC"
"1016914","Pionus menstruus","Blue-headed Parrot","Psittacidae (Parrots)","LC"
"1681","Amazona ochrocephala","Yellow-crowned Amazon","Psittacidae (Parrots)","LC"
"1682","Amazona amazonica","Orange-winged Amazon","Psittacidae (Parrots)","LC"
"1615","Forpus passerinus","Green-rumped Parrotlet","Psittacidae (Parrots)","LC"
"1555","Orthopsittaca manilatus","Red-bellied Macaw","Psittacidae (Parrots)","LC"
"1547","Ara ararauna","Blue-and-yellow Macaw","Psittacidae (Parrots)","LC"
"1551","Ara macao","Scarlet Macaw","Psittacidae (Parrots)","LC"
"1017266","Formicivora intermedia","Northern White-fringed Antwren","Thamnophilidae (Typical Antbirds)","LC"
"1017271","Myrmotherula axillaris","White-flanked Antwren","Thamnophilidae (Typical Antbirds)","LC"
"4629","Dysithamnus mentalis","Plain Antvireo","Thamnophilidae (Typical Antbirds)","LC"
"4593","Taraba major","Great Antshrike","Thamnophilidae (Typical Antbirds)","LC"
"1017277","Sakesphorus canadensis","Black-crested Antshrike","Thamnophilidae (Typical Antbirds)","LC"
"4601","Thamnophilus doliatus","Barred Antshrike","Thamnophilidae (Typical Antbirds)","LC"
"4729","Sclateria naevia","Silvered Antbird","Thamnophilidae (Typical Antbirds)","LC"
"4736","Myrmeciza longipes","White-bellied Antbird","Thamnophilidae (Typical Antbirds)","LC"
"5074","Grallaria guatimalensis","Scaled Antpitta","Grallariidae (Antpittas)","LC"
"1017311","Formicarius analis","Black-faced Antthrush","Formicariidae (Ground-antbirds)","LC"
"4998","Sclerurus albigularis","Grey-throated Leaftosser","Furnariidae (Ovenbirds)","NT"
"1017319","Sittasomus griseus","Western Olivaceous Woodcreeper","Furnariidae (Ovenbirds)","LC"
"5010","Dendrocincla fuliginosa","Plain-brown Woodcreeper","Furnariidae (Ovenbirds)","LC"
"30148","Xiphorhynchus susurrans","Cocoa Woodcreeper","Furnariidae (Ovenbirds)","LC"
"5032","Dendroplex picus","Straight-billed Woodcreeper","Furnariidae (Ovenbirds)","LC"
"5046","Lepidocolaptes souleyetii","Streak-headed Woodcreeper","Furnariidae (Ovenbirds)","LC"
"5006","Xenops rutilus","Streaked Xenops","Furnariidae (Ovenbirds)","LC"
"4890","Certhiaxis cinnamomeus","Yellow-chinned Spinetail","Furnariidae (Ovenbirds)","LC"
"4866","Synallaxis cinnamomea","Stripe-breasted Spinetail","Furnariidae (Ovenbirds)","LC"
"4842","Synallaxis albescens","Pale-breasted Spinetail","Furnariidae (Ovenbirds)","LC"
"4563","Manacus manacus","White-bearded Manakin","Pipridae (Manakins)","LC"
"4536","Ceratopipra erythrocephala","Golden-headed Manakin","Pipridae (Manakins)","LC"
"4552","Chiroxiphia pareola","Blue-backed Manakin","Pipridae (Manakins)","LC"
"4526","Procnias albus","White Bellbird","Cotingidae (Cotingas)","LC"
"4527","Procnias averano","Bearded Bellbird","Cotingidae (Cotingas)","LC"
"1017381","Tityra cayana","Western Black-tailed Tityra","Tityridae (Tityras and allies)","LC"
"4448","Pachyramphus polychopterus","White-winged Becard","Tityridae (Tityras and allies)","LC"
"1017394","Platyrinchus mystaceus","Eastern White-throated Spadebill","Tyrannidae (Tyrant-flycatchers)","LC"
"1017397","Mionectes galbinus","Olive-striped Flycatcher","Tyrannidae (Tyrant-flycatchers)","LC"
"4046","Mionectes oleagineus","Ochre-bellied Flycatcher","Tyrannidae (Tyrant-flycatchers)","LC"
"1017400","Leptopogon superciliaris","Slaty-capped Flycatcher","Tyrannidae (Tyrant-flycatchers)","LC"
"4224","Tolmomyias sulphurescens","Yellow-olive Flatbill","Tyrannidae (Tyrant-flycatchers)","LC"
"1017405","Tolmomyias flaviventris","Ochre-lored Flatbill","Tyrannidae (Tyrant-flycatchers)","LC"
"4212","Myiornis ecaudatus","Short-tailed Pygmy-tyrant","Tyrannidae (Tyrant-flycatchers)","LC"
"4086","Todirostrum maculatum","Spotted Tody-flycatcher","Tyrannidae (Tyrant-flycatchers)","LC"
"4120","Camptostoma obsoletum","Southern Beardless Tyrannulet","Tyrannidae (Tyrant-flycatchers)","LC"
"4138","Elaenia flavogaster","Yellow-bellied Elaenia","Tyrannidae (Tyrant-flycatchers)","LC"
"4142","Elaenia parvirostris","Small-billed Elaenia","Tyrannidae (Tyrant-flycatchers)","LC"
"1017417","Elaenia chiriquensis","Lesser Elaenia","Tyrannidae (Tyrant-flycatchers)","LC"
"4130","Myiopagis gaimardii","Forest Elaenia","Tyrannidae (Tyrant-flycatchers)","LC"
"1017426","Phaeomyias murina","Mouse-colored Tyrannulet","Tyrannidae (Tyrant-flycatchers)","LC"
"4183","Pseudocolopteryx sclateri","Crested Doradito","Tyrannidae (Tyrant-flycatchers)","LC"
"4371","Attila spadiceus","Bright-rumped Attila","Tyrannidae (Tyrant-flycatchers)","LC"
"4436","Legatus leucophaius","Piratic Flycatcher","Tyrannidae (Tyrant-flycatchers)","LC"
"4438","Pitangus sulphuratus","Great Kiskadee","Tyrannidae (Tyrant-flycatchers)","LC"
"4421","Tyrannopsis sulphurea","Sulphury Flycatcher","Tyrannidae (Tyrant-flycatchers)","LC"
"4422","Megarynchus pitangua","Boat-billed Flycatcher","Tyrannidae (Tyrant-flycatchers)","LC"
"1017429","Myiodynastes maculatus","Northern Streaked Flycatcher","Tyrannidae (Tyrant-flycatchers)","LC"
"4419","Empidonomus varius","Variegated Flycatcher","Tyrannidae (Tyrant-flycatchers)","LC"
"4408","Tyrannus melancholicus","Tropical Kingbird","Tyrannidae (Tyrant-flycatchers)","LC"
"4416","Tyrannus dominicensis","Grey Kingbird","Tyrannidae (Tyrant-flycatchers)","LC"
"4414","Tyrannus savana","Fork-tailed Flycatcher","Tyrannidae (Tyrant-flycatchers)","LC"
"4384","Myiarchus swainsoni","Swainson's Flycatcher","Tyrannidae (Tyrant-flycatchers)","LC"
"4382","Myiarchus tuberculifer","Dusky-capped Flycatcher","Tyrannidae (Tyrant-flycatchers)","LC"
"4385","Myiarchus venezuelensis","Venezuelan Flycatcher","Tyrannidae (Tyrant-flycatchers)","LC"
"4394","Myiarchus tyrannulus","Brown-crested Flycatcher","Tyrannidae (Tyrant-flycatchers)","LC"
"1017434","Myiophobus fasciatus","Bran-colored Flycatcher","Tyrannidae (Tyrant-flycatchers)","LC"
"4124","Sublegatus arenarum","Northern Scrub-flycatcher","Tyrannidae (Tyrant-flycatchers)","LC"
"4354","Fluvicola pica","Pied Water-tyrant","Tyrannidae (Tyrant-flycatchers)","LC"
"4357","Arundinicola leucocephala","White-headed Marsh-tyrant","Tyrannidae (Tyrant-flycatchers)","LC"
"4255","Cnemotriccus fuscatus","Fuscous Flycatcher","Tyrannidae (Tyrant-flycatchers)","LC"
"4256","Lathrotriccus euleri","Euler's Flycatcher","Tyrannidae (Tyrant-flycatchers)","LC"
"4264","Contopus cooperi","Olive-sided Flycatcher","Tyrannidae (Tyrant-flycatchers)","NT"
"1017454","Contopus bogotensis","Northern Tropical Pewee","Tyrannidae (Tyrant-flycatchers)","LC"
"5554","Cyclarhis gujanensis","Rufous-browed Peppershrike","Vireonidae (Vireos)","LC"
"1017525","Hylophilus insularis","Tobago Greenlet","Vireonidae (Vireos)","LC"
"5602","Pachysylvia aurantiifrons","Golden-fronted Greenlet","Vireonidae (Vireos)","LC"
"1099029","Vireo olivaceus","Red-eyed Vireo","Vireonidae (Vireos)","LC"
"5587","Vireo altiloquus","Black-whiskered Vireo","Vireonidae (Vireos)","LC"
"5582","Vireo flavifrons","Yellow-throated Vireo","Vireonidae (Vireos)","LC"
"7143","Petrochelidon pyrrhonota","Cliff Swallow","Hirundinidae (Swallows and martins)","LC"
"7116","Hirundo rustica","Barn Swallow","Hirundinidae (Swallows and martins)","LC"
"1018013","Riparia riparia","Collared Sand Martin","Hirundinidae (Swallows and martins)","LC"
"7080","Tachycineta albiventer","White-winged Swallow","Hirundinidae (Swallows and martins)","LC"
"7089","Progne dominicensis","Caribbean Martin","Hirundinidae (Swallows and martins)","LC"
"7091","Progne chalybea","Grey-breasted Martin","Hirundinidae (Swallows and martins)","LC"
"7103","Stelgidopteryx ruficollis","Southern Rough-winged Swallow","Hirundinidae (Swallows and martins)","LC"
"7094","Pygochelidon cyanoleuca","Blue-and-white Swallow","Hirundinidae (Swallows and martins)","LC"
"6991","Ramphocaenus melanurus","Long-billed Gnatwren","Polioptilidae (Gnatcatchers)","LC"
"1018285","Troglodytes aedon","House Wren","Troglodytidae (Wrens)","LC"
"6951","Pheugopedius rutilus","Rufous-breasted Wren","Troglodytidae (Wrens)","LC"
"6851","Mimus gilvus","Tropical Mockingbird","Mimidae (Mockingbirds and thrashers)","LC"
"6370","Catharus fuscescens","Veery","Turdidae (Thrushes)","LC"
"6371","Catharus minimus","Grey-cheeked Thrush","Turdidae (Thrushes)","LC"
"6364","Catharus aurantiirostris","Orange-billed Nightingale-thrush","Turdidae (Thrushes)","LC"
"6432","Turdus fumigatus","Cocoa Thrush","Turdidae (Thrushes)","LC"
"6375","Turdus flavipes","Yellow-legged Thrush","Turdidae (Thrushes)","LC"
"6440","Turdus albicollis","White-necked Thrush","Turdidae (Thrushes)","LC"
"6435","Turdus nudigenis","Spectacled Thrush","Turdidae (Thrushes)","LC"
"9352","Euphonia trinitatis","Trinidad Euphonia","Fringillidae (Finches)","LC"
"9356","Euphonia violacea","Violaceous Euphonia","Fringillidae (Finches)","LC"
"9362","Euphonia cyanocephala","Golden-rumped Euphonia","Fringillidae (Finches)","LC"
"8818","Spinus cucullatus","Red Siskin","Fringillidae (Finches)","EN"
"9753","Dolichonyx oryzivorus","Bobolink","Icteridae (New World blackbirds)","LC"
"30206","Leistes militaris","Red-breasted Blackbird","Icteridae (New World blackbirds)","LC"
"9658","Psarocolius decumanus","Crested Oropendola","Icteridae (New World blackbirds)","LC"
"1017887","Cacicus cela","Yellow-rumped Cacique","Icteridae (New World blackbirds)","LC"
"9682","Icterus nigrogularis","Yellow Oriole","Icteridae (New World blackbirds)","LC"
"9693","Icterus galbula","Baltimore Oriole","Icteridae (New World blackbirds)","LC"
"32482","Icterus icterus","Venezuelan Troupial","Icteridae (New World blackbirds)","LC"
"9752","Molothrus oryzivorus","Giant Cowbird","Icteridae (New World blackbirds)","LC"
"9749","Molothrus bonariensis","Shiny Cowbird","Icteridae (New World blackbirds)","LC"
"9744","Quiscalus lugubris","Carib Grackle","Icteridae (New World blackbirds)","LC"
"9712","Chrysomus icterocephalus","Yellow-hooded Blackbird","Icteridae (New World blackbirds)","LC"
"9131","Parkesia noveboracensis","Northern Waterthrush","Parulidae (New World warblers)","LC"
"9127","Protonotaria citrea","Prothonotary Warbler","Parulidae (New World warblers)","LC"
"1017901","Geothlypis aequinoctialis","Masked Yellowthroat","Parulidae (New World warblers)","LC"
"9126","Setophaga ruticilla","American Redstart","Parulidae (New World warblers)","LC"
"9100","Setophaga tigrina","Cape May Warbler","Parulidae (New World warblers)","LC"
"1017918","Setophaga pitiayumi","Tropical Parula","Parulidae (New World warblers)","LC"
"9108","Setophaga fusca","Blackburnian Warbler","Parulidae (New World warblers)","LC"
"9097","Setophaga petechia","American Yellow Warbler","Parulidae (New World warblers)","LC"
"9119","Setophaga striata","Blackpoll Warbler","Parulidae (New World warblers)","NT"
"1017912","Setophaga coronata","Myrtle Warbler","Parulidae (New World warblers)","LC"
"1017936","Basileuterus auricapilla","Golden-crowned Warbler","Parulidae (New World warblers)","LC"
"9620","Pheucticus ludovicianus","Rose-breasted Grosbeak","Cardinalidae (Cardinals)","LC"
"9615","Spiza americana","Dickcissel","Cardinalidae (Cardinals)","LC"
"9651","Passerina cyanea","Indigo Bunting","Cardinalidae (Cardinals)","LC"
"9289","Habia rubica","Red-crowned Ant-tanager","Cardinalidae (Cardinals)","LC"
"9298","Piranga olivacea","Scarlet Tanager","Cardinalidae (Cardinals)","LC"
"9296","Piranga rubra","Summer Tanager","Cardinalidae (Cardinals)","LC"
"1017970","Piranga hepatica","Hepatic Tanager","Cardinalidae (Cardinals)","LC"
"9441","Chlorophanes spiza","Green Honeycreeper","Thraupidae (Tanagers)","LC"
"9447","Tersina viridis","Swallow Tanager","Thraupidae (Tanagers)","LC"
"9444","Cyanerpes caeruleus","Purple Honeycreeper","Thraupidae (Tanagers)","LC"
"9445","Cyanerpes cyaneus","Red-legged Honeycreeper","Thraupidae (Tanagers)","LC"
"9438","Dacnis cayana","Blue Dacnis","Thraupidae (Tanagers)","LC"
"1017988","Saltator olivascens","Caribbean Grey Saltator","Thraupidae (Tanagers)","LC"
"9199","Coereba flaveola","Bananaquit","Thraupidae (Tanagers)","LC"
"9575","Melanospiza bicolor","Black-faced Grassquit","Thraupidae (Tanagers)","LC"
"9576","Asemospiza fuliginosa","Sooty Grassquit","Thraupidae (Tanagers)","LC"
"9525","Volatinia jacarina","Blue-black Grassquit","Thraupidae (Tanagers)","LC"
"9283","Islerothraupis luctuosa","White-shouldered Tanager","Thraupidae (Tanagers)","LC"
"9286","Tachyphonus rufus","White-lined Tanager","Thraupidae (Tanagers)","LC"
"9308","Ramphocelus carbo","Silver-beaked Tanager","Thraupidae (Tanagers)","LC"
"9534","Sporophila bouvronides","Lesson's Seedeater","Thraupidae (Tanagers)","LC"
"9529","Sporophila intermedia","Grey Seedeater","Thraupidae (Tanagers)","LC"
"32200","Sporophila americana","Wing-barred Seedeater","Thraupidae (Tanagers)","LC"
"1018394","Sporophila nigricollis","Yellow-bellied Seedeater","Thraupidae (Tanagers)","LC"
"9562","Sporophila angolensis","Chestnut-bellied Seed-Finch","Thraupidae (Tanagers)","LC"
"9559","Sporophila crassirostris","Large-billed Seed-finch","Thraupidae (Tanagers)","LC"
"9528","Sporophila schistacea","Slate-colored Seedeater","Thraupidae (Tanagers)","LC"
"9547","Sporophila minuta","Ruddy-breasted Seedeater","Thraupidae (Tanagers)","LC"
"9202","Conirostrum bicolor","Bicolored Conebill","Thraupidae (Tanagers)","NT"
"9515","Sicalis flaveola","Saffron Finch","Thraupidae (Tanagers)","LC"
"9514","Sicalis columbiana","Orange-fronted Yellow-finch","Thraupidae (Tanagers)","LC"
"32504","Sicalis luteola","Grassland Yellow-finch","Thraupidae (Tanagers)","LC"
"9320","Sporathraupis cyanocephala","Blue-capped Tanager","Thraupidae (Tanagers)","LC"
"32687","Paroaria nigrogenis","Masked Cardinal","Thraupidae (Tanagers)","LC"
"9402","Tangara guttata","Speckled Tanager","Thraupidae (Tanagers)","LC"
"9313","Tangara episcopus","Blue-grey Tanager","Thraupidae (Tanagers)","LC"
"9319","Tangara palmarum","Palm Tanager","Thraupidae (Tanagers)","LC"
"9405","Tangara gyrola","Bay-headed Tanager","Thraupidae (Tanagers)","LC"
"1018166","Tangara mexicana","Turquoise Tanager","Thraupidae (Tanagers)","LC"
